J48;;; NB;;; JRip;;; SMO;;; IB1;;; DecisionStump;;; HoeffdingTree;;; Logistic Model Tree;;; REPTree;;; SimpleCART;;; BFTree;;; RandomForest;;; BayesNet;;; NB Updateable;;; A1DE;;; A2DE;;; Hidden Naive Bayes;;; DecisionTable;;; Lazy Associative;;; DTNB;;; PART;;; ZeroR;;; Logistic;;; KernelLogisticRegression;;; MultilayerPerceptron;;; SimpleLogistic;;; SVM;;; KStar;;; LWL;;; LBR
1;0.6666666666666666;;0;0.14052465076949253;;1;0.8838709677419355;;1;0.5006848744119723;;1;0.6665772532188841;;0;0.6310679611650486;;0;0.14052465076949253;;1;0.5636194912732128;;1;0.6;;1;0.6;;1;0.6666666666666666;;1;0.6561955757597973;;0;0.13855752828420206;;0;0.14052465076949253;;0;0.28557684920588855;;0;0.47316950408049796;;0;0.482807159730591;;1;0.42857142857142855;;1;0.5087564031552898;;1;0.5714285714285714;;1;0.7021276595744681;;1;0.6746411483253588;;1;0.5040016570091482;;1;0.5035554041800103;;1;0.66365525153352;;0;0.30286447151300316;;1;0.6221909345249896;;1;0.5484519461918481;;0;0.6157993827738281;;0;0.23350369504729446;;
1;0.9807692307692307;;1;0.3355488983018318;;1;0.8838709677419355;;1;0.8944893341960282;;1;0.8327974276527331;;1;0.019230769230769232;;1;0.3355488983018318;;1;0.8747769641489723;;1;0.9807692307692307;;1;0.9807692307692307;;1;0.9807692307692307;;1;0.8335829725829725;;1;0.3047867105382532;;1;0.3355488983018318;;1;0.281808340492307;;1;0.7413520341103225;;1;0.7439819738433505;;1;0.7142857142857143;;1;0.6055849361250315;;1;0.7142857142857143;;1;0.9807692307692307;;1;0.6746411483253588;;1;0.05566783341657024;;1;0.056913082512748514;;1;0.9999172673487509;;1;0.8339181264824276;;1;0.7590398861745181;;1;0.5593093137636904;;1;0.03948301507093403;;1;0.7527223218780378;;
1;0.9807692307692307;;1;1.1479342863550945E-4;;1;0.8838709677419355;;1;0.9862528250895607;;1;0.9990356798457087;;1;0.019230769230769232;;1;1.1479342863550945E-4;;1;0.9880924507844672;;1;0.9807692307692307;;1;0.9807692307692307;;1;0.9807692307692307;;1;1.0;;1;7.414903845007019E-5;;1;1.1479342863550945E-4;;1;0.007189335601151244;;1;0.9906648319971254;;1;0.9745465443293353;;1;0.8888888888888888;;1;0.9367714370558363;;1;0.9411764705882353;;1;0.9807692307692307;;1;0.6746411483253588;;1;0.012755222661145284;;1;0.01298159150519751;;1;0.99915978186783;;1;0.9539695229516124;;1;0.9390663299045232;;1;0.9944628613179787;;1;0.014174342524688707;;1;0.9998852065713645;;
0;0.0625;;0;0.9670422643988781;;0;0.0625;;0;0.10631383801714689;;0;0.04357412851742965;;0;0.6310679611650486;;0;0.9670422643988781;;0;0.07263411475735058;;0;0.0625;;0;0.0625;;0;0.0625;;0;0.04369578922109713;;0;0.9683347353432994;;0;0.9670422643988781;;0;0.9308844731861133;;0;0.9253370341843717;;0;0.9080668017728588;;0;0.041666666666666664;;0;0.3403422349235624;;0;0.041666666666666664;;0;0.0625;;1;0.6746411483253588;;0;0.11854792745692819;;0;0.11908274211410255;;0;0.03449093078103273;;0;0.6971355284869968;;0;0.11625207731360698;;0;0.09794797944922133;;0;0.7292582105511869;;0;0.8924621851585994;;
0;0.0625;;0;0.9670422643988781;;0;0.0625;;0;0.10631383801714689;;0;0.04357412851742965;;0;0.6310679611650486;;0;0.9670422643988781;;0;0.07263411475735058;;0;0.0625;;0;0.0625;;0;0.0625;;0;0.04369578922109713;;0;0.9683347353432994;;0;0.9670422643988781;;0;0.9308844731861133;;0;0.9253370341843717;;0;0.9080668017728588;;0;0.041666666666666664;;0;0.3403422349235624;;0;0.041666666666666664;;0;0.0625;;1;0.6746411483253588;;0;0.11854792745692819;;0;0.11908274211410255;;0;0.03449093078103273;;0;0.6971355284869968;;0;0.11625207731360698;;0;0.09794797944922133;;0;0.7292582105511869;;0;0.8924621851585994;;
1;0.7;;0;0.17911020567427735;;1;0.8838709677419355;;1;0.5014231288750711;;1;0.7497988736926791;;0;0.6310679611650486;;0;0.17911020567427735;;1;0.7499447678294063;;1;0.6571428571428571;;1;0.6571428571428571;;1;0.6571428571428571;;1;0.7342783518081505;;0;0.1775713334015679;;0;0.17911020567427735;;0;0.4925475682962514;;1;0.6163413677113839;;1;0.729910204927031;;1;0.6923076923076923;;1;0.558913874881797;;1;0.6923076923076923;;1;0.7021276595744681;;1;0.6746411483253588;;0;0.4205296231998991;;0;0.4207376453915972;;1;0.7405672574371712;;1;0.6419825133564749;;1;0.6388603277171042;;1;0.5968737866913583;;0;0.6175129575551472;;1;0.6053807424803842;;
1;0.3333333333333333;;0;0.8594753492305075;;1;0.11612903225806452;;1;0.4993151255880277;;1;0.33342274678111583;;0;0.6310679611650486;;0;0.8594753492305075;;1;0.4363805087267872;;1;0.4;;1;0.4;;1;0.3333333333333333;;1;0.34380442424020274;;0;0.861442471715798;;0;0.8594753492305075;;0;0.7144231507941115;;0;0.5268304959195019;;0;0.5171928402694089;;1;0.42857142857142855;;1;0.4912435968447102;;1;0.42857142857142855;;1;0.2978723404255319;;1;0.6746411483253588;;1;0.4959983429908518;;1;0.4964445958199897;;1;0.3363447484664799;;0;0.6971355284869968;;1;0.3778090654750104;;1;0.4515480538081519;;0;0.6157993827738281;;0;0.7664963049527056;;
1;0.9807692307692307;;1;0.001653969936961119;;1;0.8838709677419355;;1;0.9983532684683489;;1;0.9975961538461539;;1;0.019230769230769232;;1;0.001653969936961119;;1;0.9948121226479509;;1;0.9807692307692307;;1;0.9807692307692307;;1;0.9807692307692307;;1;1.0;;1;0.0012557382551830487;;1;0.001653969936961119;;1;0.012138780747454909;;1;0.01893524010705507;;1;0.017929305063751913;;1;0.9615384615384616;;1;0.8814789687964644;;1;0.9411764705882353;;1;0.9807692307692307;;1;0.6746411483253588;;1;0.9979715211012036;;1;0.9979196906184492;;1;0.9885208726851484;;1;0.046030477048387614;;1;0.9746867731703409;;1;0.9624339786692407;;1;0.012703721682887754;;1;0.0024137852483629985;;
0;0.0625;;0;0.0329577356011218;;0;0.0625;;0;0.10631383801714689;;0;0.04357412851742965;;0;0.6310679611650486;;0;0.0329577356011218;;0;0.07263411475735058;;0;0.0625;;0;0.0625;;0;0.0625;;0;0.04369578922109713;;0;0.03166526465670071;;0;0.0329577356011218;;0;0.06911552681388673;;0;0.07466296581562831;;0;0.0919331982271412;;0;0.041666666666666664;;0;0.3403422349235624;;0;0.041666666666666664;;0;0.0625;;1;0.6746411483253588;;0;0.11854792745692819;;0;0.11908274211410255;;0;0.03449093078103273;;0;0.30286447151300316;;0;0.11625207731360698;;0;0.09794797944922133;;0;0.7292582105511869;;0;0.10753781484140067;;
1;0.9807692307692307;;1;0.0012302016085112449;;1;0.8838709677419355;;1;0.8948082643880718;;1;0.9996286669142221;;1;0.019230769230769232;;1;0.0012302016085112449;;1;0.9789288801036243;;1;0.9807692307692307;;1;0.9807692307692307;;1;0.9807692307692307;;1;1.0;;1;9.018399498823226E-4;;1;0.0012302016085112449;;1;0.003977004368717206;;1;0.0026022861613888056;;1;0.008729141450034002;;1;0.9642857142857143;;1;0.9163388734479998;;1;0.9473684210526316;;1;0.9807692307692307;;1;0.6746411483253588;;1;0.9552104334333333;;1;0.9551519521776455;;1;0.9992316812489641;;1;0.16608187351757236;;1;0.9106731471594309;;1;0.9971410369194197;;1;0.010902435073154622;;1;0.0012845926137613223;;
1;0.7;;0;0.8208897943257227;;1;0.8838709677419355;;1;0.5014231288750711;;1;0.7497988736926791;;0;0.6310679611650486;;0;0.8208897943257227;;1;0.7499447678294063;;1;0.6571428571428571;;1;0.6571428571428571;;1;0.6571428571428571;;1;0.7342783518081505;;0;0.8224286665984322;;0;0.8208897943257227;;0;0.5074524317037487;;1;0.6163413677113839;;1;0.729910204927031;;1;0.6923076923076923;;1;0.558913874881797;;1;0.6923076923076923;;1;0.7021276595744681;;1;0.6746411483253588;;0;0.5794703768001009;;0;0.5792623546084028;;1;0.7405672574371712;;1;0.6419825133564749;;1;0.6388603277171042;;1;0.5968737866913583;;0;0.6175129575551472;;1;0.6053807424803842;;
1;0.9807692307692307;;1;0.92688677968848;;1;0.8838709677419355;;1;0.9862394405091561;;1;0.9996286669142221;;1;0.019230769230769232;;1;0.92688677968848;;1;0.9664809021497937;;1;0.9807692307692307;;1;0.9807692307692307;;1;0.9807692307692307;;1;1.0;;1;0.9377353912158186;;1;0.92688677968848;;1;0.9683509197209479;;1;0.9758451998692038;;1;0.9864311747188369;;1;0.9333333333333333;;1;0.7700425449786807;;1;0.9090909090909091;;1;0.9807692307692307;;1;0.6746411483253588;;1;0.9891933611875148;;1;0.988893238734097;;1;0.9930719051658782;;1;0.9539695229516124;;1;0.9410848260072517;;1;0.9412089260389985;;1;0.03072968186753922;;1;0.9748459924482518;;
1;0.7;;1;0.488579635823802;;1;0.8838709677419355;;1;0.8944846439924625;;1;0.6921648718900855;;0;0.6310679611650486;;1;0.488579635823802;;1;0.7058406787242776;;1;0.6571428571428571;;1;0.6571428571428571;;1;0.6571428571428571;;1;0.7065213839308266;;1;0.48496815995189896;;1;0.488579635823802;;1;0.29035145653653743;;1;0.7470748351915366;;1;0.6283743667248721;;1;0.6428571428571429;;1;0.6451588216220097;;1;0.6315789473684211;;1;0.7021276595744681;;1;0.6746411483253588;;1;0.15424849889015332;;1;0.15503805685106953;;1;0.7071361963920769;;1;0.6419825133564749;;1;0.8905737512267227;;1;0.6817806394498076;;0;0.5572198802151203;;1;0.7950185249805056;;
1;0.019230769230769232;;1;0.001653969936961119;;1;0.11612903225806452;;1;0.0016467315316511166;;1;0.0024038461538461535;;1;0.019230769230769232;;1;0.001653969936961119;;1;0.005187877352049019;;1;0.019230769230769232;;1;0.019230769230769232;;1;0.019230769230769232;;1;0.0;;1;0.0012557382551830487;;1;0.001653969936961119;;1;0.012138780747454909;;1;0.01893524010705507;;1;0.017929305063751913;;1;0.038461538461538464;;1;0.11852103120353566;;1;0.058823529411764705;;1;0.019230769230769232;;1;0.6746411483253588;;1;0.0020284788987964823;;1;0.0020803093815507934;;1;0.011479127314851574;;1;0.046030477048387614;;1;0.025313226829659027;;1;0.03756602133075921;;1;0.012703721682887754;;1;0.0024137852483629985;;
0;0.0625;;0;0.9670422643988781;;0;0.0625;;0;0.10631383801714689;;0;0.04357412851742965;;0;0.6310679611650486;;0;0.9670422643988781;;0;0.07263411475735058;;0;0.0625;;0;0.0625;;0;0.0625;;0;0.04369578922109713;;0;0.9683347353432994;;0;0.9670422643988781;;0;0.9308844731861133;;0;0.9253370341843717;;0;0.9080668017728588;;0;0.041666666666666664;;0;0.3403422349235624;;0;0.041666666666666664;;0;0.0625;;1;0.6746411483253588;;0;0.11854792745692819;;0;0.11908274211410255;;0;0.03449093078103273;;0;0.6971355284869968;;0;0.11625207731360698;;0;0.09794797944922133;;0;0.7292582105511869;;0;0.8924621851585994;;
1;0.9807692307692307;;1;1.5318517557164874E-4;;1;0.8838709677419355;;1;0.9862127297824702;;1;0.9995612110574814;;1;0.019230769230769232;;1;1.5318517557164874E-4;;1;0.9789288801036243;;1;0.9807692307692307;;1;0.9807692307692307;;1;0.9807692307692307;;1;1.0;;1;9.95325813263865E-5;;1;1.5318517557164874E-4;;1;0.0014730655912478998;;1;0.9984727344133731;;1;0.9920207043271961;;1;0.9642857142857143;;1;0.958486650425363;;1;0.9285714285714286;;1;0.9807692307692307;;1;0.6746411483253588;;1;0.009142980757689727;;1;0.009330205324189489;;1;0.9989528946050922;;1;0.8339181264824276;;1;0.9346596155883364;;1;0.9989545765414085;;1;0.008275965055416714;;1;0.9998468148244284;;
1;0.7;;0;0.8208897943257227;;1;0.8838709677419355;;1;0.5014231288750711;;1;0.7497988736926791;;0;0.6310679611650486;;0;0.8208897943257227;;1;0.7499447678294063;;1;0.6571428571428571;;1;0.6571428571428571;;1;0.6571428571428571;;1;0.7342783518081505;;0;0.8224286665984322;;0;0.8208897943257227;;0;0.5074524317037487;;1;0.3836586322886161;;1;0.27008979507296904;;1;0.6923076923076923;;1;0.558913874881797;;1;0.6923076923076923;;1;0.7021276595744681;;1;0.6746411483253588;;0;0.4205296231998991;;0;0.4207376453915972;;1;0.7405672574371712;;1;0.3580174866435251;;1;0.6388603277171042;;1;0.5968737866913583;;0;0.6175129575551472;;1;0.3946192575196158;;
1;0.9807692307692307;;1;0.9998468148244284;;1;0.8838709677419355;;1;0.9862127297824702;;1;0.9995612110574814;;1;0.019230769230769232;;1;0.9998468148244284;;1;0.9789288801036243;;1;0.9807692307692307;;1;0.9807692307692307;;1;0.9807692307692307;;1;1.0;;1;0.9999004674186736;;1;0.9998468148244284;;1;0.9985269344087521;;1;0.9984727344133731;;1;0.9920207043271961;;1;0.9642857142857143;;1;0.958486650425363;;1;0.9285714285714286;;1;0.9807692307692307;;1;0.6746411483253588;;1;0.9908570192423103;;1;0.9906697946758105;;1;0.9989528946050922;;1;0.8339181264824276;;1;0.9346596155883364;;1;0.9989545765414085;;1;0.008275965055416714;;1;0.9998468148244284;;
1;0.9807692307692307;;1;7.344654301382161E-4;;1;0.8838709677419355;;1;0.8945824229319229;;1;0.9975961538461539;;1;0.019230769230769232;;1;7.344654301382161E-4;;1;0.9526161245478756;;1;0.9807692307692307;;1;0.9807692307692307;;1;0.9807692307692307;;1;0.9985714285714287;;1;4.89375414206772E-4;;1;7.344654301382161E-4;;1;0.0035393725056207825;;1;0.9953356978349043;;1;0.9286822718428284;;1;0.6666666666666666;;1;0.9182840068824222;;1;0.6666666666666666;;1;0.9807692307692307;;1;0.6746411483253588;;1;0.06517255479063758;;1;0.06600397240273159;;1;0.9990412058773569;;1;0.8339181264824276;;1;0.8906117355024039;;1;0.9974684933826157;;1;0.015214532604659322;;1;0.9992655345698617;;
0;0.0625;;0;0.9670422643988781;;0;0.0625;;0;0.10631383801714689;;0;0.04357412851742965;;0;0.6310679611650486;;0;0.9670422643988781;;0;0.07263411475735058;;0;0.0625;;0;0.0625;;0;0.0625;;0;0.04369578922109713;;0;0.9683347353432994;;0;0.9670422643988781;;0;0.9308844731861133;;0;0.9253370341843717;;0;0.9080668017728588;;0;0.041666666666666664;;0;0.3403422349235624;;0;0.041666666666666664;;0;0.0625;;1;0.6746411483253588;;0;0.11854792745692819;;0;0.11908274211410255;;0;0.03449093078103273;;0;0.6971355284869968;;0;0.11625207731360698;;0;0.09794797944922133;;0;0.7292582105511869;;0;0.8924621851585994;;
1;0.7;;0;0.8208897943257227;;1;0.8838709677419355;;1;0.5014231288750711;;1;0.7497988736926791;;0;0.6310679611650486;;0;0.8208897943257227;;1;0.7499447678294063;;1;0.6571428571428571;;1;0.6571428571428571;;1;0.6571428571428571;;1;0.7342783518081505;;0;0.8224286665984322;;0;0.8208897943257227;;0;0.5074524317037487;;1;0.3836586322886161;;1;0.27008979507296904;;1;0.6923076923076923;;1;0.558913874881797;;1;0.6923076923076923;;1;0.7021276595744681;;1;0.6746411483253588;;0;0.4205296231998991;;0;0.4207376453915972;;1;0.7405672574371712;;1;0.3580174866435251;;1;0.6388603277171042;;1;0.5968737866913583;;0;0.6175129575551472;;1;0.3946192575196158;;
1;0.9807692307692307;;1;0.9998076448686379;;1;0.8838709677419355;;1;0.9862852871933296;;1;0.9995612110574814;;1;0.019230769230769232;;1;0.9998076448686379;;1;0.9948121226479509;;1;0.9807692307692307;;1;0.9807692307692307;;1;0.9807692307692307;;1;1.0;;1;0.9998633074211488;;1;0.9998076448686379;;1;0.9945910586133433;;1;0.9918812576619178;;1;0.9817362123684111;;1;0.9615384615384616;;1;0.9298606594696022;;1;0.9411764705882353;;1;0.9807692307692307;;1;0.6746411483253588;;1;0.9913851028174744;;1;0.9913369660132785;;1;0.999830650901416;;1;0.9539695229516124;;1;0.9382586169529278;;1;0.9903164470233212;;1;0.010765553243410454;;1;0.9998314859646967;;
1;0.7;;0;0.17911020567427735;;1;0.8838709677419355;;1;0.5014231288750711;;1;0.7497988736926791;;0;0.6310679611650486;;0;0.17911020567427735;;1;0.7499447678294063;;1;0.6571428571428571;;1;0.6571428571428571;;1;0.6571428571428571;;1;0.7342783518081505;;0;0.1775713334015679;;0;0.17911020567427735;;0;0.4925475682962514;;1;0.6163413677113839;;1;0.729910204927031;;1;0.6923076923076923;;1;0.558913874881797;;1;0.6923076923076923;;1;0.7021276595744681;;1;0.6746411483253588;;0;0.4205296231998991;;0;0.4207376453915972;;1;0.7405672574371712;;1;0.6419825133564749;;1;0.6388603277171042;;1;0.5968737866913583;;0;0.6175129575551472;;1;0.6053807424803842;;
0;0.0625;;0;0.9670422643988781;;0;0.0625;;0;0.10631383801714689;;0;0.04357412851742965;;0;0.6310679611650486;;0;0.9670422643988781;;0;0.07263411475735058;;0;0.0625;;0;0.0625;;0;0.0625;;0;0.04369578922109713;;0;0.9683347353432994;;0;0.9670422643988781;;0;0.9308844731861133;;0;0.07466296581562831;;0;0.0919331982271412;;0;0.041666666666666664;;0;0.3403422349235624;;0;0.041666666666666664;;0;0.0625;;1;0.6746411483253588;;0;0.8814520725430718;;0;0.8809172578858975;;0;0.03449093078103273;;0;0.30286447151300316;;0;0.11625207731360698;;0;0.09794797944922133;;0;0.7292582105511869;;0;0.10753781484140067;;
1;0.9807692307692307;;1;2.3930364414408666E-5;;1;0.8838709677419355;;1;0.9983490928824836;;1;0.9995612110574814;;1;0.019230769230769232;;1;2.3930364414408666E-5;;1;0.9948121226479509;;1;0.9807692307692307;;1;0.9807692307692307;;1;0.9807692307692307;;1;1.0;;1;1.5075958864466142E-5;;1;2.3930364414408666E-5;;1;0.0035516056983577017;;1;0.006231798804025923;;1;0.026680115957561982;;1;0.9615384615384616;;1;0.9528822418242763;;1;0.9230769230769231;;1;0.9807692307692307;;1;0.6746411483253588;;1;0.9982928774635458;;1;0.9982502365412292;;1;0.9999811735653683;;1;0.046030477048387614;;1;0.9415043345851507;;1;0.9918642362485421;;1;0.008051269628624427;;1;2.3930364414408666E-5;;
1;0.9807692307692307;;1;0.0012302016085112449;;1;0.8838709677419355;;1;0.8948082643880718;;1;0.9996286669142221;;1;0.019230769230769232;;1;0.0012302016085112449;;1;0.9789288801036243;;1;0.9807692307692307;;1;0.9807692307692307;;1;0.9807692307692307;;1;1.0;;1;9.018399498823226E-4;;1;0.0012302016085112449;;1;0.003977004368717206;;1;0.0026022861613888056;;1;0.008729141450034002;;1;0.9642857142857143;;1;0.9163388734479998;;1;0.9473684210526316;;1;0.9807692307692307;;1;0.6746411483253588;;1;0.9552104334333333;;1;0.9551519521776455;;1;0.9992316812489641;;1;0.16608187351757236;;1;0.9106731471594309;;1;0.9971410369194197;;1;0.010902435073154622;;1;0.0012845926137613223;;
1;0.7;;1;0.511420364176198;;1;0.8838709677419355;;1;0.8944846439924625;;1;0.6921648718900855;;0;0.6310679611650486;;1;0.511420364176198;;1;0.7058406787242776;;1;0.6571428571428571;;1;0.6571428571428571;;1;0.6571428571428571;;1;0.7065213839308266;;1;0.515031840048101;;1;0.511420364176198;;1;0.7096485434634625;;1;0.7470748351915366;;1;0.6283743667248721;;1;0.6428571428571429;;1;0.6451588216220097;;1;0.6315789473684211;;1;0.7021276595744681;;1;0.6746411483253588;;1;0.8457515011098466;;1;0.8449619431489305;;1;0.7071361963920769;;1;0.6419825133564749;;1;0.8905737512267227;;1;0.6817806394498076;;0;0.5572198802151203;;1;0.7950185249805056;;
1;0.9807692307692307;;1;0.9998852065713645;;1;0.8838709677419355;;1;0.9862528250895607;;1;0.9990356798457087;;1;0.019230769230769232;;1;0.9998852065713645;;1;0.9880924507844672;;1;0.9807692307692307;;1;0.9807692307692307;;1;0.9807692307692307;;1;1.0;;1;0.9999258509615501;;1;0.9998852065713645;;1;0.9928106643988488;;1;0.9906648319971254;;1;0.9745465443293353;;1;0.1111111111111111;;1;0.9367714370558363;;1;0.9411764705882353;;1;0.9807692307692307;;1;0.6746411483253588;;1;0.9872447773388547;;1;0.9870184084948025;;1;0.99915978186783;;1;0.9539695229516124;;1;0.9390663299045232;;1;0.9944628613179787;;1;0.014174342524688707;;1;0.9998852065713645;;
1;0.6666666666666666;;0;0.8594753492305075;;1;0.8838709677419355;;1;0.5006848744119723;;1;0.6665772532188841;;0;0.6310679611650486;;0;0.8594753492305075;;1;0.5636194912732128;;1;0.6;;1;0.6;;1;0.6666666666666666;;1;0.6561955757597973;;0;0.861442471715798;;0;0.8594753492305075;;0;0.7144231507941115;;0;0.5268304959195019;;0;0.5171928402694089;;1;0.5714285714285714;;1;0.5087564031552898;;1;0.5714285714285714;;1;0.7021276595744681;;1;0.6746411483253588;;1;0.5040016570091482;;1;0.5035554041800103;;1;0.66365525153352;;0;0.6971355284869968;;1;0.6221909345249896;;1;0.5484519461918481;;0;0.6157993827738281;;0;0.7664963049527056;;
0;0.0625;;0;0.9670422643988781;;0;0.0625;;0;0.10631383801714689;;0;0.04357412851742965;;0;0.6310679611650486;;0;0.9670422643988781;;0;0.07263411475735058;;0;0.0625;;0;0.0625;;0;0.0625;;0;0.04369578922109713;;0;0.9683347353432994;;0;0.9670422643988781;;0;0.9308844731861133;;0;0.07466296581562831;;0;0.0919331982271412;;0;0.041666666666666664;;0;0.3403422349235624;;0;0.041666666666666664;;0;0.0625;;1;0.6746411483253588;;0;0.8814520725430718;;0;0.8809172578858975;;0;0.03449093078103273;;0;0.30286447151300316;;0;0.11625207731360698;;0;0.09794797944922133;;0;0.7292582105511869;;0;0.10753781484140067;;
0;0.0625;;0;0.0329577356011218;;0;0.0625;;0;0.10631383801714689;;0;0.04357412851742965;;0;0.6310679611650486;;0;0.0329577356011218;;0;0.07263411475735058;;0;0.0625;;0;0.0625;;0;0.0625;;0;0.04369578922109713;;0;0.03166526465670071;;0;0.0329577356011218;;0;0.06911552681388673;;0;0.07466296581562831;;0;0.0919331982271412;;0;0.041666666666666664;;0;0.3403422349235624;;0;0.041666666666666664;;0;0.0625;;1;0.6746411483253588;;0;0.11854792745692819;;0;0.11908274211410255;;0;0.03449093078103273;;0;0.30286447151300316;;0;0.11625207731360698;;0;0.09794797944922133;;0;0.7292582105511869;;0;0.10753781484140067;;
1;0.7;;0;0.8208897943257227;;1;0.8838709677419355;;1;0.5014231288750711;;1;0.7497988736926791;;0;0.6310679611650486;;0;0.8208897943257227;;1;0.7499447678294063;;1;0.6571428571428571;;1;0.6571428571428571;;1;0.6571428571428571;;1;0.7342783518081505;;0;0.8224286665984322;;0;0.8208897943257227;;0;0.5074524317037487;;1;0.6163413677113839;;1;0.729910204927031;;1;0.6923076923076923;;1;0.558913874881797;;1;0.6923076923076923;;1;0.7021276595744681;;1;0.6746411483253588;;0;0.5794703768001009;;0;0.5792623546084028;;1;0.7405672574371712;;1;0.6419825133564749;;1;0.6388603277171042;;1;0.5968737866913583;;0;0.6175129575551472;;1;0.6053807424803842;;
0;0.0625;;0;0.0329577356011218;;0;0.0625;;0;0.10631383801714689;;0;0.04357412851742965;;0;0.36893203883495146;;0;0.0329577356011218;;0;0.07263411475735058;;0;0.0625;;0;0.0625;;0;0.0625;;0;0.04369578922109713;;0;0.03166526465670071;;0;0.0329577356011218;;0;0.06911552681388673;;0;0.07466296581562831;;0;0.0919331982271412;;0;0.041666666666666664;;0;0.3403422349235624;;0;0.041666666666666664;;0;0.0625;;1;0.6746411483253588;;0;0.11854792745692819;;0;0.11908274211410255;;0;0.03449093078103273;;0;0.30286447151300316;;0;0.11625207731360698;;0;0.09794797944922133;;0;0.27074178944881316;;0;0.10753781484140067;;
0;0.0;;1;0.9911767280264432;;0;0.0;;1;0.5009315541734768;;1;0.9163314561544651;;0;0.36893203883495146;;1;0.9911767280264432;;1;0.9275316396312883;;1;0.6;;1;0.6;;0;0.0;;0;0.3923411371237458;;1;0.9931044667261606;;1;0.9911767280264432;;1;0.9421255374419238;;1;0.8373698892177106;;1;0.6038652186424431;;1;0.6746411483253588;;1;0.7478114812686292;;1;0.6746411483253589;;0;0.0;;1;0.6746411483253588;;0;0.46213637719583306;;0;0.46414810850565097;;1;0.9341644605564937;;0;0.30286447151300316;;1;0.6966131968462984;;1;0.9106159692558541;;0;0.3791709353859675;;1;0.6778411033746856;;
1;0.7;;0;0.17911020567427735;;1;0.8838709677419355;;1;0.5014231288750711;;1;0.7497988736926791;;0;0.36893203883495146;;0;0.17911020567427735;;1;0.7499447678294063;;1;0.6571428571428571;;1;0.6571428571428571;;1;0.6571428571428571;;1;0.7342783518081505;;0;0.1775713334015679;;0;0.17911020567427735;;0;0.4925475682962514;;1;0.6163413677113839;;1;0.729910204927031;;1;0.6923076923076923;;1;0.558913874881797;;1;0.6923076923076923;;1;0.7021276595744681;;1;0.6746411483253588;;0;0.4205296231998991;;0;0.4207376453915972;;1;0.7405672574371712;;1;0.6419825133564749;;1;0.6388603277171042;;1;0.5968737866913583;;0;0.3824870424448527;;1;0.6053807424803842;;
0;0.0625;;0;0.0329577356011218;;0;0.0625;;0;0.10631383801714689;;0;0.04357412851742965;;0;0.36893203883495146;;0;0.0329577356011218;;0;0.07263411475735058;;0;0.0625;;0;0.0625;;0;0.0625;;0;0.04369578922109713;;0;0.03166526465670071;;0;0.0329577356011218;;0;0.06911552681388673;;0;0.07466296581562831;;0;0.0919331982271412;;0;0.041666666666666664;;0;0.3403422349235624;;0;0.041666666666666664;;0;0.0625;;1;0.6746411483253588;;0;0.11854792745692819;;0;0.11908274211410255;;0;0.03449093078103273;;0;0.30286447151300316;;0;0.11625207731360698;;0;0.09794797944922133;;0;0.27074178944881316;;0;0.10753781484140067;;
0;0.0625;;0;0.0329577356011218;;0;0.0625;;0;0.10631383801714689;;0;0.04357412851742965;;0;0.36893203883495146;;0;0.0329577356011218;;0;0.07263411475735058;;0;0.0625;;0;0.0625;;0;0.0625;;0;0.04369578922109713;;0;0.03166526465670071;;0;0.0329577356011218;;0;0.06911552681388673;;0;0.07466296581562831;;0;0.0919331982271412;;0;0.041666666666666664;;0;0.3403422349235624;;0;0.041666666666666664;;0;0.0625;;1;0.6746411483253588;;0;0.11854792745692819;;0;0.11908274211410255;;0;0.03449093078103273;;0;0.30286447151300316;;0;0.11625207731360698;;0;0.09794797944922133;;0;0.27074178944881316;;0;0.10753781484140067;;
0;0.0625;;0;0.0329577356011218;;0;0.0625;;0;0.10631383801714689;;0;0.04357412851742965;;0;0.36893203883495146;;0;0.0329577356011218;;0;0.07263411475735058;;0;0.0625;;0;0.0625;;0;0.0625;;0;0.04369578922109713;;0;0.03166526465670071;;0;0.0329577356011218;;0;0.06911552681388673;;0;0.07466296581562831;;0;0.0919331982271412;;0;0.041666666666666664;;0;0.3403422349235624;;0;0.041666666666666664;;0;0.0625;;1;0.6746411483253588;;0;0.11854792745692819;;0;0.11908274211410255;;0;0.03449093078103273;;0;0.30286447151300316;;0;0.11625207731360698;;0;0.09794797944922133;;0;0.27074178944881316;;0;0.10753781484140067;;
0;0.0625;;0;0.0329577356011218;;0;0.0625;;0;0.10631383801714689;;0;0.04357412851742965;;0;0.36893203883495146;;0;0.0329577356011218;;0;0.07263411475735058;;0;0.0625;;0;0.0625;;0;0.0625;;0;0.04369578922109713;;0;0.03166526465670071;;0;0.0329577356011218;;0;0.06911552681388673;;0;0.07466296581562831;;0;0.0919331982271412;;0;0.041666666666666664;;0;0.3403422349235624;;0;0.041666666666666664;;0;0.0625;;1;0.6746411483253588;;0;0.11854792745692819;;0;0.11908274211410255;;0;0.03449093078103273;;0;0.30286447151300316;;0;0.11625207731360698;;0;0.09794797944922133;;0;0.27074178944881316;;0;0.10753781484140067;;
1;0.6666666666666666;;1;0.9986114818570619;;0;0.0;;1;0.8945777363786795;;0;0.004784688995215311;;0;0.6310679611650486;;1;0.9986114818570619;;0;0.09065225162819496;;1;0.6571428571428571;;1;0.6571428571428571;;1;0.6571428571428571;;0;0.23166666666666663;;1;0.998949491795226;;1;0.9986114818570619;;1;0.7866079096111733;;1;0.616369884666274;;0;0.31158133557377715;;0;0.5714285714285714;;1;0.7393660527797812;;0;0.5;;0;0.0;;1;0.6746411483253588;;1;0.8225774810033368;;1;0.8231366779093681;;0;0.04385179627075437;;1;0.6419825133564749;;1;0.8098425000200956;;1;0.5942177425564891;;0;0.522336731179392;;1;0.9291277844421871;;
1;0.7;;0;0.17911020567427735;;1;0.8838709677419355;;1;0.5014231288750711;;1;0.7497988736926791;;0;0.36893203883495146;;0;0.17911020567427735;;1;0.7499447678294063;;1;0.6571428571428571;;1;0.6571428571428571;;1;0.6571428571428571;;1;0.7342783518081505;;0;0.1775713334015679;;0;0.17911020567427735;;0;0.4925475682962514;;1;0.6163413677113839;;1;0.729910204927031;;1;0.6923076923076923;;1;0.558913874881797;;1;0.6923076923076923;;1;0.7021276595744681;;1;0.6746411483253588;;0;0.4205296231998991;;0;0.4207376453915972;;1;0.7405672574371712;;1;0.6419825133564749;;1;0.6388603277171042;;1;0.5968737866913583;;0;0.3824870424448527;;1;0.6053807424803842;;
1;0.9807692307692307;;1;0.9895048653169807;;1;0.8838709677419355;;1;0.986247178621964;;1;0.9952153110047847;;1;0.9807692307692307;;1;0.9895048653169807;;1;0.9789288801036243;;1;0.9807692307692307;;1;0.9807692307692307;;1;0.9807692307692307;;1;0.9940000000000001;;1;0.9917667486121577;;1;0.9895048653169807;;1;0.9955794641365794;;1;0.992566337318205;;1;0.9926817072523831;;1;0.9642857142857143;;1;0.8453499753607449;;1;0.9473684210526316;;1;0.9807692307692307;;1;0.6746411483253588;;1;0.9891511155478077;;1;0.988923125710433;;1;0.9999258294836353;;1;0.8339181264824276;;1;0.9552161725252553;;1;0.9626444699235646;;1;0.9852470587431331;;1;0.978510536009622;;
1;0.9807692307692307;;1;0.9999760696355855;;1;0.8838709677419355;;1;0.9983490928824836;;1;0.9995612110574814;;1;0.9807692307692307;;1;0.9999760696355855;;1;0.9948121226479509;;1;0.9807692307692307;;1;0.9807692307692307;;1;0.9807692307692307;;1;1.0;;1;0.9999849240411356;;1;0.9999760696355855;;1;0.9964483943016422;;1;0.9937682011959741;;1;0.9733198840424381;;1;0.9615384615384616;;1;0.9528822418242763;;1;0.9230769230769231;;1;0.9807692307692307;;1;0.6746411483253588;;1;0.9982928774635458;;1;0.9982502365412292;;1;0.9999811735653683;;1;0.9539695229516124;;1;0.9415043345851507;;1;0.9918642362485421;;1;0.9919487303713757;;1;0.9999760696355855;;
1;0.7;;0;0.17911020567427735;;1;0.8838709677419355;;1;0.5014231288750711;;1;0.7497988736926791;;0;0.36893203883495146;;0;0.17911020567427735;;1;0.7499447678294063;;1;0.6571428571428571;;1;0.6571428571428571;;1;0.6571428571428571;;1;0.7342783518081505;;0;0.1775713334015679;;0;0.17911020567427735;;0;0.4925475682962514;;1;0.6163413677113839;;1;0.729910204927031;;1;0.6923076923076923;;1;0.558913874881797;;1;0.6923076923076923;;1;0.7021276595744681;;1;0.6746411483253588;;0;0.4205296231998991;;0;0.4207376453915972;;1;0.7405672574371712;;1;0.6419825133564749;;1;0.6388603277171042;;1;0.5968737866913583;;0;0.3824870424448527;;1;0.6053807424803842;;
1;0.9807692307692307;;1;0.9999760696355855;;1;0.8838709677419355;;1;0.9983490928824836;;1;0.9995612110574814;;1;0.9807692307692307;;1;0.9999760696355855;;1;0.9948121226479509;;1;0.9807692307692307;;1;0.9807692307692307;;1;0.9807692307692307;;1;1.0;;1;0.9999849240411356;;1;0.9999760696355855;;1;0.9964483943016422;;1;0.9937682011959741;;1;0.9733198840424381;;1;0.9615384615384616;;1;0.9528822418242763;;1;0.9230769230769231;;1;0.9807692307692307;;1;0.6746411483253588;;1;0.9982928774635458;;1;0.9982502365412292;;1;0.9999811735653683;;1;0.9539695229516124;;1;0.9415043345851507;;1;0.9918642362485421;;1;0.9919487303713757;;1;0.9999760696355855;;
1;0.7;;0;0.17911020567427735;;1;0.8838709677419355;;1;0.5014231288750711;;1;0.7497988736926791;;0;0.36893203883495146;;0;0.17911020567427735;;1;0.7499447678294063;;1;0.6571428571428571;;1;0.6571428571428571;;1;0.6571428571428571;;1;0.7342783518081505;;0;0.1775713334015679;;0;0.17911020567427735;;0;0.4925475682962514;;1;0.6163413677113839;;1;0.729910204927031;;1;0.6923076923076923;;1;0.558913874881797;;1;0.6923076923076923;;1;0.7021276595744681;;1;0.6746411483253588;;0;0.4205296231998991;;0;0.4207376453915972;;1;0.7405672574371712;;1;0.6419825133564749;;1;0.6388603277171042;;1;0.5968737866913583;;0;0.3824870424448527;;1;0.6053807424803842;;
0;0.0625;;0;0.22688880399915595;;0;0.0625;;0;0.013914693525789328;;0;0.004784688995215311;;0;0.36893203883495146;;0;0.22688880399915595;;0;0.029224460815474203;;0;0.0625;;0;0.0625;;0;0.0625;;0;0.0785397230584067;;0;0.2312096910830576;;0;0.22688880399915595;;0;0.20603637126085284;;0;0.14321537633280365;;0;0.11589186186179888;;0;0.041666666666666664;;0;0.4345778133502392;;0;0.041666666666666664;;0;0.0625;;1;0.6746411483253588;;0;0.030499174309269125;;0;0.031240174206149073;;0;0.054279513061159836;;0;0.30286447151300316;;0;0.10647243912904093;;0;0.09734718723597256;;0;0.29216052331639153;;0;0.26550894170136635;;
0;0.0625;;0;0.0329577356011218;;0;0.0625;;0;0.10631383801714689;;0;0.04357412851742965;;0;0.36893203883495146;;0;0.0329577356011218;;0;0.07263411475735058;;0;0.0625;;0;0.0625;;0;0.0625;;0;0.04369578922109713;;0;0.03166526465670071;;0;0.0329577356011218;;0;0.06911552681388673;;0;0.07466296581562831;;0;0.0919331982271412;;0;0.041666666666666664;;0;0.3403422349235624;;0;0.041666666666666664;;0;0.0625;;1;0.6746411483253588;;0;0.11854792745692819;;0;0.11908274211410255;;0;0.03449093078103273;;0;0.30286447151300316;;0;0.11625207731360698;;0;0.09794797944922133;;0;0.27074178944881316;;0;0.10753781484140067;;
0;0.0625;;0;0.0329577356011218;;0;0.0625;;0;0.10631383801714689;;0;0.04357412851742965;;0;0.36893203883495146;;0;0.0329577356011218;;0;0.07263411475735058;;0;0.0625;;0;0.0625;;0;0.0625;;0;0.04369578922109713;;0;0.03166526465670071;;0;0.0329577356011218;;0;0.06911552681388673;;0;0.07466296581562831;;0;0.0919331982271412;;0;0.041666666666666664;;0;0.3403422349235624;;0;0.041666666666666664;;0;0.0625;;1;0.6746411483253588;;0;0.11854792745692819;;0;0.11908274211410255;;0;0.03449093078103273;;0;0.30286447151300316;;0;0.11625207731360698;;0;0.09794797944922133;;0;0.27074178944881316;;0;0.10753781484140067;;
1;0.9807692307692307;;1;0.92688677968848;;1;0.8838709677419355;;1;0.9862394405091561;;1;0.9996286669142221;;1;0.9807692307692307;;1;0.92688677968848;;1;0.9664809021497937;;1;0.9807692307692307;;1;0.9807692307692307;;1;0.9807692307692307;;1;1.0;;1;0.9377353912158186;;1;0.92688677968848;;1;0.9683509197209479;;1;0.9758451998692038;;1;0.9864311747188369;;1;0.9333333333333333;;1;0.7700425449786807;;1;0.9090909090909091;;1;0.9807692307692307;;1;0.6746411483253588;;1;0.9891933611875148;;1;0.988893238734097;;1;0.9930719051658782;;1;0.9539695229516124;;1;0.9410848260072517;;1;0.9412089260389985;;1;0.9692703181324608;;1;0.9748459924482518;;
1;0.6666666666666666;;0;0.14052465076949253;;1;0.8838709677419355;;1;0.5006848744119723;;1;0.6665772532188841;;0;0.36893203883495146;;0;0.14052465076949253;;1;0.5636194912732128;;1;0.6;;1;0.6;;1;0.6666666666666666;;1;0.6561955757597973;;0;0.13855752828420206;;0;0.14052465076949253;;0;0.28557684920588855;;0;0.47316950408049796;;0;0.482807159730591;;1;0.5714285714285714;;1;0.5087564031552898;;1;0.5714285714285714;;1;0.7021276595744681;;1;0.6746411483253588;;1;0.5040016570091482;;1;0.5035554041800103;;1;0.66365525153352;;0;0.30286447151300316;;1;0.6221909345249896;;1;0.5484519461918481;;0;0.3842006172261719;;0;0.23350369504729446;;
0;0.0625;;0;0.0329577356011218;;0;0.0625;;0;0.10631383801714689;;0;0.04357412851742965;;0;0.36893203883495146;;0;0.0329577356011218;;0;0.07263411475735058;;0;0.0625;;0;0.0625;;0;0.0625;;0;0.04369578922109713;;0;0.03166526465670071;;0;0.0329577356011218;;0;0.06911552681388673;;0;0.07466296581562831;;0;0.0919331982271412;;0;0.041666666666666664;;0;0.3403422349235624;;0;0.041666666666666664;;0;0.0625;;1;0.6746411483253588;;0;0.11854792745692819;;0;0.11908274211410255;;0;0.03449093078103273;;0;0.30286447151300316;;0;0.11625207731360698;;0;0.09794797944922133;;0;0.27074178944881316;;0;0.10753781484140067;;
0;0.0625;;0;0.0329577356011218;;0;0.0625;;0;0.10631383801714689;;0;0.04357412851742965;;0;0.36893203883495146;;0;0.0329577356011218;;0;0.07263411475735058;;0;0.0625;;0;0.0625;;0;0.0625;;0;0.04369578922109713;;0;0.03166526465670071;;0;0.0329577356011218;;0;0.06911552681388673;;0;0.07466296581562831;;0;0.0919331982271412;;0;0.041666666666666664;;0;0.3403422349235624;;0;0.041666666666666664;;0;0.0625;;1;0.6746411483253588;;0;0.11854792745692819;;0;0.11908274211410255;;0;0.03449093078103273;;0;0.30286447151300316;;0;0.11625207731360698;;0;0.09794797944922133;;0;0.27074178944881316;;0;0.10753781484140067;;
1;0.7;;0;0.17911020567427735;;1;0.8838709677419355;;1;0.5014231288750711;;1;0.7497988736926791;;0;0.36893203883495146;;0;0.17911020567427735;;1;0.7499447678294063;;1;0.6571428571428571;;1;0.6571428571428571;;1;0.6571428571428571;;1;0.7342783518081505;;0;0.1775713334015679;;0;0.17911020567427735;;0;0.4925475682962514;;1;0.6163413677113839;;1;0.729910204927031;;1;0.6923076923076923;;1;0.558913874881797;;1;0.6923076923076923;;1;0.7021276595744681;;1;0.6746411483253588;;0;0.4205296231998991;;0;0.4207376453915972;;1;0.7405672574371712;;1;0.6419825133564749;;1;0.6388603277171042;;1;0.5968737866913583;;0;0.3824870424448527;;1;0.6053807424803842;;
1;0.7;;1;0.511420364176198;;1;0.8838709677419355;;1;0.8944846439924625;;1;0.6921648718900855;;0;0.36893203883495146;;1;0.511420364176198;;1;0.7058406787242776;;1;0.6571428571428571;;1;0.6571428571428571;;1;0.6571428571428571;;1;0.7065213839308266;;1;0.515031840048101;;1;0.511420364176198;;1;0.7096485434634625;;1;0.7470748351915366;;1;0.6283743667248721;;1;0.6428571428571429;;1;0.6451588216220097;;1;0.6315789473684211;;1;0.7021276595744681;;1;0.6746411483253588;;1;0.8457515011098466;;1;0.8449619431489305;;1;0.7071361963920769;;1;0.6419825133564749;;1;0.8905737512267227;;1;0.6817806394498076;;0;0.4427801197848797;;1;0.7950185249805056;;
0;0.0625;;0;0.0329577356011218;;0;0.0625;;0;0.10631383801714689;;0;0.04357412851742965;;0;0.36893203883495146;;0;0.0329577356011218;;0;0.07263411475735058;;0;0.0625;;0;0.0625;;0;0.0625;;0;0.04369578922109713;;0;0.03166526465670071;;0;0.0329577356011218;;0;0.06911552681388673;;0;0.07466296581562831;;0;0.0919331982271412;;0;0.041666666666666664;;0;0.3403422349235624;;0;0.041666666666666664;;0;0.0625;;1;0.6746411483253588;;0;0.11854792745692819;;0;0.11908274211410255;;0;0.03449093078103273;;0;0.30286447151300316;;0;0.11625207731360698;;0;0.09794797944922133;;0;0.27074178944881316;;0;0.10753781484140067;;
0;0.0625;;0;0.0329577356011218;;0;0.0625;;0;0.10631383801714689;;0;0.04357412851742965;;0;0.36893203883495146;;0;0.0329577356011218;;0;0.07263411475735058;;0;0.0625;;0;0.0625;;0;0.0625;;0;0.04369578922109713;;0;0.03166526465670071;;0;0.0329577356011218;;0;0.06911552681388673;;0;0.07466296581562831;;0;0.0919331982271412;;0;0.041666666666666664;;0;0.3403422349235624;;0;0.041666666666666664;;0;0.0625;;1;0.6746411483253588;;0;0.11854792745692819;;0;0.11908274211410255;;0;0.03449093078103273;;0;0.30286447151300316;;0;0.11625207731360698;;0;0.09794797944922133;;0;0.27074178944881316;;0;0.10753781484140067;;
1;0.9807692307692307;;1;0.9987697983914887;;1;0.8838709677419355;;1;0.8948082643880718;;1;0.9996286669142221;;1;0.9807692307692307;;1;0.9987697983914887;;1;0.9789288801036243;;1;0.9807692307692307;;1;0.9807692307692307;;1;0.9807692307692307;;1;1.0;;1;0.9990981600501178;;1;0.9987697983914887;;1;0.9960229956312828;;1;0.9973977138386112;;1;0.9912708585499659;;1;0.9642857142857143;;1;0.9163388734479998;;1;0.9473684210526316;;1;0.9807692307692307;;1;0.6746411483253588;;1;0.9552104334333333;;1;0.9551519521776455;;1;0.9992316812489641;;1;0.8339181264824276;;1;0.9106731471594309;;1;0.9971410369194197;;1;0.9890975649268454;;1;0.9987154073862387;;
0;0.0625;;0;0.0329577356011218;;0;0.0625;;0;0.10631383801714689;;0;0.04357412851742965;;0;0.36893203883495146;;0;0.0329577356011218;;0;0.07263411475735058;;0;0.0625;;0;0.0625;;0;0.0625;;0;0.04369578922109713;;0;0.03166526465670071;;0;0.0329577356011218;;0;0.06911552681388673;;0;0.07466296581562831;;0;0.0919331982271412;;0;0.041666666666666664;;0;0.3403422349235624;;0;0.041666666666666664;;0;0.0625;;1;0.6746411483253588;;0;0.11854792745692819;;0;0.11908274211410255;;0;0.03449093078103273;;0;0.30286447151300316;;0;0.11625207731360698;;0;0.09794797944922133;;0;0.27074178944881316;;0;0.10753781484140067;;
1;0.9807692307692307;;1;0.9909228424812873;;1;0.8838709677419355;;1;0.894754567831921;;1;0.8745476477683957;;1;0.9807692307692307;;1;0.9909228424812873;;1;0.9664809021497937;;1;0.9807692307692307;;1;0.9807692307692307;;1;0.9807692307692307;;1;0.889821373071373;;1;0.9928320294216713;;1;0.9909228424812873;;1;0.9753319849775669;;1;0.9543350755238428;;1;0.9765887237668294;;1;0.9333333333333333;;1;0.8401181617197886;;1;0.9090909090909091;;1;0.9807692307692307;;1;0.6746411483253588;;1;0.9553788823069499;;1;0.9550350888584992;;1;0.9997802547027516;;1;0.9539695229516124;;1;0.8906568488266873;;1;0.8924610623924811;;1;0.9637727200876083;;1;0.9914723273885728;;
0;0.0625;;0;0.0329577356011218;;0;0.0625;;0;0.10631383801714689;;0;0.04357412851742965;;0;0.36893203883495146;;0;0.0329577356011218;;0;0.07263411475735058;;0;0.0625;;0;0.0625;;0;0.0625;;0;0.04369578922109713;;0;0.03166526465670071;;0;0.0329577356011218;;0;0.06911552681388673;;0;0.07466296581562831;;0;0.0919331982271412;;0;0.041666666666666664;;0;0.3403422349235624;;0;0.041666666666666664;;0;0.0625;;1;0.6746411483253588;;0;0.11854792745692819;;0;0.11908274211410255;;0;0.03449093078103273;;0;0.30286447151300316;;0;0.11625207731360698;;0;0.09794797944922133;;0;0.27074178944881316;;0;0.10753781484140067;;
1;0.9807692307692307;;1;0.9909228424812873;;1;0.8838709677419355;;1;0.894754567831921;;1;0.8745476477683957;;1;0.9807692307692307;;1;0.9909228424812873;;1;0.9664809021497937;;1;0.9807692307692307;;1;0.9807692307692307;;1;0.9807692307692307;;1;0.889821373071373;;1;0.9928320294216713;;1;0.9909228424812873;;1;0.9753319849775669;;1;0.9543350755238428;;1;0.9765887237668294;;1;0.9333333333333333;;1;0.8401181617197886;;1;0.9090909090909091;;1;0.9807692307692307;;1;0.6746411483253588;;1;0.9553788823069499;;1;0.9550350888584992;;1;0.9997802547027516;;1;0.9539695229516124;;1;0.8906568488266873;;1;0.8924610623924811;;1;0.9637727200876083;;1;0.9914723273885728;;
1;0.9807692307692307;;1;0.9998076448686379;;1;0.8838709677419355;;1;0.9862852871933296;;1;0.9995612110574814;;1;0.019230769230769232;;1;0.9998076448686379;;1;0.9948121226479509;;1;0.9807692307692307;;1;0.9807692307692307;;1;0.9807692307692307;;1;1.0;;1;0.9998633074211488;;1;0.9998076448686379;;1;0.9945910586133433;;1;0.9918812576619178;;1;0.9817362123684111;;1;0.9615384615384616;;1;0.9298606594696022;;1;0.9411764705882353;;1;0.9807692307692307;;1;0.6746411483253588;;1;0.9913851028174744;;1;0.9913369660132785;;1;0.999830650901416;;1;0.9539695229516124;;1;0.9382586169529278;;1;0.9903164470233212;;1;0.010765553243410454;;1;0.9998314859646967;;
0;0.0625;;0;0.0329577356011218;;0;0.0625;;0;0.10631383801714689;;0;0.04357412851742965;;0;0.36893203883495146;;0;0.0329577356011218;;0;0.07263411475735058;;0;0.0625;;0;0.0625;;0;0.0625;;0;0.04369578922109713;;0;0.03166526465670071;;0;0.0329577356011218;;0;0.06911552681388673;;0;0.07466296581562831;;0;0.0919331982271412;;0;0.041666666666666664;;0;0.3403422349235624;;0;0.041666666666666664;;0;0.0625;;1;0.6746411483253588;;0;0.11854792745692819;;0;0.11908274211410255;;0;0.03449093078103273;;0;0.30286447151300316;;0;0.11625207731360698;;0;0.09794797944922133;;0;0.27074178944881316;;0;0.10753781484140067;;
1;0.7;;0;0.17911020567427735;;1;0.8838709677419355;;1;0.5014231288750711;;1;0.7497988736926791;;0;0.36893203883495146;;0;0.17911020567427735;;1;0.7499447678294063;;1;0.6571428571428571;;1;0.6571428571428571;;1;0.6571428571428571;;1;0.7342783518081505;;0;0.1775713334015679;;0;0.17911020567427735;;0;0.4925475682962514;;1;0.6163413677113839;;1;0.729910204927031;;1;0.6923076923076923;;1;0.558913874881797;;1;0.6923076923076923;;1;0.7021276595744681;;1;0.6746411483253588;;0;0.4205296231998991;;0;0.4207376453915972;;1;0.7405672574371712;;1;0.6419825133564749;;1;0.6388603277171042;;1;0.5968737866913583;;0;0.3824870424448527;;1;0.6053807424803842;;
1;0.9807692307692307;;1;0.9446034009255507;;1;0.8838709677419355;;1;0.5014006572331718;;1;0.8331545064377682;;1;0.9807692307692307;;1;0.9446034009255507;;1;0.8747769641489723;;1;0.9807692307692307;;1;0.9807692307692307;;1;0.9807692307692307;;1;0.8297997835497835;;1;0.9544998024420993;;1;0.9446034009255507;;1;0.9148214163001956;;1;0.8510797980710483;;1;0.6571461951258089;;1;0.7142857142857143;;1;0.7159419023424476;;1;0.7142857142857143;;1;0.9807692307692307;;1;0.6746411483253588;;1;0.7987093256904297;;1;0.798100830485818;;1;0.9994525874928312;;1;0.8339181264824276;;1;0.6809963104558611;;1;0.7149725162911086;;1;0.9647013011828025;;1;0.9013038748478386;;
1;0.9807692307692307;;1;0.9999760696355855;;1;0.8838709677419355;;1;0.9983490928824836;;1;0.9995612110574814;;1;0.9807692307692307;;1;0.9999760696355855;;1;0.9948121226479509;;1;0.9807692307692307;;1;0.9807692307692307;;1;0.9807692307692307;;1;1.0;;1;0.9999849240411356;;1;0.9999760696355855;;1;0.9964483943016422;;1;0.9937682011959741;;1;0.9733198840424381;;1;0.9615384615384616;;1;0.9528822418242763;;1;0.9230769230769231;;1;0.9807692307692307;;1;0.6746411483253588;;1;0.9982928774635458;;1;0.9982502365412292;;1;0.9999811735653683;;1;0.9539695229516124;;1;0.9415043345851507;;1;0.9918642362485421;;1;0.9919487303713757;;1;0.9999760696355855;;
0;0.0625;;0;0.0329577356011218;;0;0.0625;;0;0.10631383801714689;;0;0.04357412851742965;;0;0.36893203883495146;;0;0.0329577356011218;;0;0.07263411475735058;;0;0.0625;;0;0.0625;;0;0.0625;;0;0.04369578922109713;;0;0.03166526465670071;;0;0.0329577356011218;;0;0.06911552681388673;;0;0.07466296581562831;;0;0.0919331982271412;;0;0.041666666666666664;;0;0.3403422349235624;;0;0.041666666666666664;;0;0.0625;;1;0.6746411483253588;;0;0.11854792745692819;;0;0.11908274211410255;;0;0.03449093078103273;;0;0.30286447151300316;;0;0.11625207731360698;;0;0.09794797944922133;;0;0.27074178944881316;;0;0.10753781484140067;;
1;0.7;;0;0.17911020567427735;;1;0.8838709677419355;;1;0.5014231288750711;;1;0.7497988736926791;;0;0.36893203883495146;;0;0.17911020567427735;;1;0.7499447678294063;;1;0.6571428571428571;;1;0.6571428571428571;;1;0.6571428571428571;;1;0.7342783518081505;;0;0.1775713334015679;;0;0.17911020567427735;;0;0.4925475682962514;;1;0.6163413677113839;;1;0.729910204927031;;1;0.6923076923076923;;1;0.558913874881797;;1;0.6923076923076923;;1;0.7021276595744681;;1;0.6746411483253588;;0;0.4205296231998991;;0;0.4207376453915972;;1;0.7405672574371712;;1;0.6419825133564749;;1;0.6388603277171042;;1;0.5968737866913583;;0;0.3824870424448527;;1;0.6053807424803842;;
1;0.7;;0;0.17911020567427735;;1;0.8838709677419355;;1;0.5014231288750711;;1;0.7497988736926791;;0;0.36893203883495146;;0;0.17911020567427735;;1;0.7499447678294063;;1;0.6571428571428571;;1;0.6571428571428571;;1;0.6571428571428571;;1;0.7342783518081505;;0;0.1775713334015679;;0;0.17911020567427735;;0;0.4925475682962514;;1;0.6163413677113839;;1;0.729910204927031;;1;0.6923076923076923;;1;0.558913874881797;;1;0.6923076923076923;;1;0.7021276595744681;;1;0.6746411483253588;;0;0.4205296231998991;;0;0.4207376453915972;;1;0.7405672574371712;;1;0.6419825133564749;;1;0.6388603277171042;;1;0.5968737866913583;;0;0.3824870424448527;;1;0.6053807424803842;;
1;0.6666666666666666;;0;0.14052465076949253;;1;0.8838709677419355;;1;0.5006848744119723;;1;0.6665772532188841;;0;0.36893203883495146;;0;0.14052465076949253;;1;0.5636194912732128;;1;0.6;;1;0.6;;1;0.6666666666666666;;1;0.6561955757597973;;0;0.13855752828420206;;0;0.14052465076949253;;0;0.28557684920588855;;0;0.47316950408049796;;0;0.482807159730591;;1;0.5714285714285714;;1;0.5087564031552898;;1;0.5714285714285714;;1;0.7021276595744681;;1;0.6746411483253588;;1;0.5040016570091482;;1;0.5035554041800103;;1;0.66365525153352;;0;0.30286447151300316;;1;0.6221909345249896;;1;0.5484519461918481;;0;0.3842006172261719;;0;0.23350369504729446;;
1;0.7;;1;0.6526404110440068;;1;0.8838709677419355;;0;0.10658144345977295;;1;0.7617843182340768;;0;0.36893203883495146;;1;0.6526404110440068;;0;0.051006141388657375;;1;0.6571428571428571;;1;0.6571428571428571;;1;0.6571428571428571;;1;0.5886856999209938;;1;0.6650709383280775;;1;0.6526404110440068;;1;0.7406388106300221;;1;0.7393872651826816;;1;0.738241772293988;;1;0.6923076923076923;;1;0.617233735577813;;1;0.6923076923076923;;1;1.0;;1;0.6746411483253588;;0;0.14511653733853433;;0;0.14768019733377258;;0;0.10642294706877191;;1;0.6419825133564749;;1;0.5159055242043514;;1;0.6572432506170476;;0;0.3644454402867333;;1;0.8215007542857484;;
1;0.9807692307692307;;1;0.9902836928581376;;1;0.8838709677419355;;1;0.9983435063608557;;1;0.9991961414790996;;1;0.9807692307692307;;1;0.9902836928581376;;1;0.9664809021497937;;1;0.9807692307692307;;1;0.9807692307692307;;1;0.9807692307692307;;1;1.0;;1;0.9927309159748648;;1;0.9902836928581376;;1;0.9889555845421532;;1;0.9881581788705117;;1;0.9910273909380323;;1;0.9333333333333333;;1;0.8616271958462481;;1;0.9411764705882353;;1;0.9807692307692307;;1;0.6746411483253588;;1;0.997854760474454;;1;0.9977522296404341;;1;0.9998935375722287;;1;0.9539695229516124;;1;0.9425010278416313;;1;0.9859524886898955;;1;0.9762288195387246;;1;0.9970507015846222;;
0;0.0625;;0;0.9670422643988781;;0;0.0625;;0;0.10631383801714689;;0;0.04357412851742965;;0;0.6310679611650486;;0;0.9670422643988781;;0;0.07263411475735058;;0;0.0625;;0;0.0625;;0;0.0625;;0;0.04369578922109713;;0;0.9683347353432994;;0;0.9670422643988781;;0;0.9308844731861133;;0;0.9253370341843717;;0;0.9080668017728588;;0;0.041666666666666664;;0;0.3403422349235624;;0;0.041666666666666664;;0;0.0625;;1;0.6746411483253588;;0;0.11854792745692819;;0;0.11908274211410255;;0;0.03449093078103273;;0;0.6971355284869968;;0;0.11625207731360698;;0;0.09794797944922133;;0;0.7292582105511869;;0;0.8924621851585994;;
0;0.0625;;0;0.0329577356011218;;0;0.0625;;0;0.10631383801714689;;0;0.04357412851742965;;0;0.36893203883495146;;0;0.0329577356011218;;0;0.07263411475735058;;0;0.0625;;0;0.0625;;0;0.0625;;0;0.04369578922109713;;0;0.03166526465670071;;0;0.0329577356011218;;0;0.06911552681388673;;0;0.07466296581562831;;0;0.0919331982271412;;0;0.041666666666666664;;0;0.3403422349235624;;0;0.041666666666666664;;0;0.0625;;1;0.6746411483253588;;0;0.11854792745692819;;0;0.11908274211410255;;0;0.03449093078103273;;0;0.30286447151300316;;0;0.11625207731360698;;0;0.09794797944922133;;0;0.27074178944881316;;0;0.10753781484140067;;
1;0.7;;1;0.511420364176198;;1;0.8838709677419355;;1;0.8944846439924625;;1;0.6921648718900855;;0;0.36893203883495146;;1;0.511420364176198;;1;0.7058406787242776;;1;0.6571428571428571;;1;0.6571428571428571;;1;0.6571428571428571;;1;0.7065213839308266;;1;0.515031840048101;;1;0.511420364176198;;1;0.7096485434634625;;1;0.7470748351915366;;1;0.6283743667248721;;1;0.6428571428571429;;1;0.6451588216220097;;1;0.6315789473684211;;1;0.7021276595744681;;1;0.6746411483253588;;1;0.8457515011098466;;1;0.8449619431489305;;1;0.7071361963920769;;1;0.6419825133564749;;1;0.8905737512267227;;1;0.6817806394498076;;0;0.4427801197848797;;1;0.7950185249805056;;
1;0.9807692307692307;;1;0.9992655345698617;;1;0.8838709677419355;;1;0.8945824229319229;;1;0.9975961538461539;;1;0.9807692307692307;;1;0.9992655345698617;;1;0.9526161245478756;;1;0.9807692307692307;;1;0.9807692307692307;;1;0.9807692307692307;;1;0.9985714285714287;;1;0.9995106245857931;;1;0.9992655345698617;;1;0.9964606274943792;;1;0.9953356978349043;;1;0.9286822718428284;;1;0.6666666666666666;;1;0.9182840068824222;;1;0.6666666666666666;;1;0.9807692307692307;;1;0.6746411483253588;;1;0.9348274452093626;;1;0.9339960275972684;;1;0.9990412058773569;;1;0.8339181264824276;;1;0.8906117355024039;;1;0.9974684933826157;;1;0.9847854673953407;;1;0.9992655345698617;;
1;0.9807692307692307;;1;0.9999760696355855;;1;0.8838709677419355;;1;0.9983490928824836;;1;0.9995612110574814;;1;0.9807692307692307;;1;0.9999760696355855;;1;0.9948121226479509;;1;0.9807692307692307;;1;0.9807692307692307;;1;0.9807692307692307;;1;1.0;;1;0.9999849240411356;;1;0.9999760696355855;;1;0.9964483943016422;;1;0.9937682011959741;;1;0.9733198840424381;;1;0.9615384615384616;;1;0.9528822418242763;;1;0.9230769230769231;;1;0.9807692307692307;;1;0.6746411483253588;;1;0.9982928774635458;;1;0.9982502365412292;;1;0.9999811735653683;;1;0.9539695229516124;;1;0.9415043345851507;;1;0.9918642362485421;;1;0.9919487303713757;;1;0.9999760696355855;;
1;0.9807692307692307;;1;0.9988618805279477;;1;0.8838709677419355;;1;0.9862049725579184;;1;0.9975961538461539;;1;0.9807692307692307;;1;0.9988618805279477;;1;0.9664809021497937;;1;0.9807692307692307;;1;0.9807692307692307;;1;0.9807692307692307;;1;0.9881785714285715;;1;0.9992044600678833;;1;0.9988618805279477;;1;0.9891700335215606;;1;0.9813577919786579;;1;0.9863152757145373;;1;0.9333333333333333;;1;0.9128583763591847;;1;0.9411764705882353;;1;0.9807692307692307;;1;0.6746411483253588;;1;0.9908926832415165;;1;0.9906445758761119;;1;0.999987110690704;;1;0.9539695229516124;;1;0.9195121101492213;;1;0.9750028047719962;;1;0.9765868535857808;;1;0.9990149637509752;;
1;0.9807692307692307;;1;0.9895048653169807;;1;0.8838709677419355;;1;0.986247178621964;;1;0.9952153110047847;;1;0.9807692307692307;;1;0.9895048653169807;;1;0.9789288801036243;;1;0.9807692307692307;;1;0.9807692307692307;;1;0.9807692307692307;;1;0.9940000000000001;;1;0.9917667486121577;;1;0.9895048653169807;;1;0.9955794641365794;;1;0.992566337318205;;1;0.9926817072523831;;1;0.9642857142857143;;1;0.8453499753607449;;1;0.9473684210526316;;1;0.9807692307692307;;1;0.6746411483253588;;1;0.9891511155478077;;1;0.988923125710433;;1;0.9999258294836353;;1;0.8339181264824276;;1;0.9552161725252553;;1;0.9626444699235646;;1;0.9852470587431331;;1;0.978510536009622;;
1;0.9807692307692307;;1;0.92688677968848;;1;0.8838709677419355;;1;0.9862394405091561;;1;0.9996286669142221;;1;0.9807692307692307;;1;0.92688677968848;;1;0.9664809021497937;;1;0.9807692307692307;;1;0.9807692307692307;;1;0.9807692307692307;;1;1.0;;1;0.9377353912158186;;1;0.92688677968848;;1;0.9683509197209479;;1;0.9758451998692038;;1;0.9864311747188369;;1;0.9333333333333333;;1;0.7700425449786807;;1;0.9090909090909091;;1;0.9807692307692307;;1;0.6746411483253588;;1;0.9891933611875148;;1;0.988893238734097;;1;0.9930719051658782;;1;0.9539695229516124;;1;0.9410848260072517;;1;0.9412089260389985;;1;0.9692703181324608;;1;0.9748459924482518;;
1;0.9807692307692307;;1;0.9998852065713645;;1;0.8838709677419355;;1;0.9862528250895607;;1;0.9990356798457087;;1;0.9807692307692307;;1;0.9998852065713645;;1;0.9880924507844672;;1;0.9807692307692307;;1;0.9807692307692307;;1;0.9807692307692307;;1;1.0;;1;0.9999258509615501;;1;0.9998852065713645;;1;0.9928106643988488;;1;0.9906648319971254;;1;0.9745465443293353;;1;0.8888888888888888;;1;0.9367714370558363;;1;0.9411764705882353;;1;0.9807692307692307;;1;0.6746411483253588;;1;0.9872447773388547;;1;0.9870184084948025;;1;0.99915978186783;;1;0.9539695229516124;;1;0.9390663299045232;;1;0.9944628613179787;;1;0.9858256574753114;;1;0.9998852065713645;;
1;0.9807692307692307;;1;0.9986824415863063;;1;0.8838709677419355;;1;0.9983444492993611;;1;0.9975961538461539;;1;0.9807692307692307;;1;0.9986824415863063;;1;0.9789288801036243;;1;0.9807692307692307;;1;0.9807692307692307;;1;0.9807692307692307;;1;0.996;;1;0.9990853570067174;;1;0.9986824415863063;;1;0.997819420621383;;1;0.9945988381023467;;1;0.9864557467851737;;1;0.9642857142857143;;1;0.9114024385276009;;1;0.9285714285714286;;1;0.9807692307692307;;1;0.6746411483253588;;1;0.9978463005194924;;1;0.9977583321618622;;1;0.9999518696352179;;1;0.8339181264824276;;1;0.9580371373383824;;1;0.9958894587239007;;1;0.9924712787704237;;1;0.9953937345709927;;
1;0.019230769230769232;;1;0.9999760696355855;;1;0.11612903225806452;;1;0.9983490928824836;;1;0.9995612110574814;;1;0.019230769230769232;;1;0.9999760696355855;;1;0.9948121226479509;;1;0.019230769230769232;;1;0.019230769230769232;;1;0.019230769230769232;;1;1.0;;1;0.9999849240411356;;1;0.9999760696355855;;1;0.9964483943016422;;1;0.9937682011959741;;1;0.026680115957561982;;1;0.038461538461538464;;1;0.9528822418242763;;1;0.07692307692307693;;1;0.019230769230769232;;1;0.6746411483253588;;1;0.0017071225364543067;;1;0.001749763458770759;;1;0.9999811735653683;;1;0.046030477048387614;;1;0.05849566541484921;;1;0.9918642362485421;;1;0.008051269628624427;;1;0.9999760696355855;;
1;0.7;;1;0.511420364176198;;1;0.8838709677419355;;1;0.8944846439924625;;1;0.6921648718900855;;0;0.36893203883495146;;1;0.511420364176198;;1;0.7058406787242776;;1;0.6571428571428571;;1;0.6571428571428571;;1;0.6571428571428571;;1;0.7065213839308266;;1;0.515031840048101;;1;0.511420364176198;;1;0.7096485434634625;;1;0.7470748351915366;;1;0.6283743667248721;;1;0.6428571428571429;;1;0.6451588216220097;;1;0.6315789473684211;;1;0.7021276595744681;;1;0.6746411483253588;;1;0.8457515011098466;;1;0.8449619431489305;;1;0.7071361963920769;;1;0.6419825133564749;;1;0.8905737512267227;;1;0.6817806394498076;;0;0.4427801197848797;;1;0.7950185249805056;;
1;0.7;;1;0.9889451003491743;;0;0.0;;1;0.5022690655289943;;0;0.004784688995215311;;0;0.36893203883495146;;1;0.9889451003491743;;0;0.041229172247897336;;1;0.6571428571428571;;1;0.6571428571428571;;1;0.6571428571428571;;0;0.20300000000000004;;1;0.9905540226666086;;1;0.9889451003491743;;1;0.8176995297233347;;1;0.6504703398149292;;1;0.5840887575223137;;0;0.42857142857142855;;1;0.7239683231633937;;1;0.6315789473684211;;0;0.0;;1;0.6746411483253588;;0;0.4770863935954125;;0;0.48280956387968604;;0;0.04227212962392558;;1;0.6419825133564749;;1;0.7642442968501513;;1;0.5918899689764646;;0;0.4796624483723792;;1;0.8822334072822771;;
1;0.9807692307692307;;1;0.92688677968848;;1;0.8838709677419355;;1;0.9862394405091561;;1;0.9996286669142221;;1;0.9807692307692307;;1;0.92688677968848;;1;0.9664809021497937;;1;0.9807692307692307;;1;0.9807692307692307;;1;0.9807692307692307;;1;1.0;;1;0.9377353912158186;;1;0.92688677968848;;1;0.9683509197209479;;1;0.9758451998692038;;1;0.9864311747188369;;1;0.9333333333333333;;1;0.7700425449786807;;1;0.9090909090909091;;1;0.9807692307692307;;1;0.6746411483253588;;1;0.9891933611875148;;1;0.988893238734097;;1;0.9930719051658782;;1;0.9539695229516124;;1;0.9410848260072517;;1;0.9412089260389985;;1;0.9692703181324608;;1;0.9748459924482518;;
0;0.0625;;0;0.0329577356011218;;0;0.0625;;0;0.10631383801714689;;0;0.04357412851742965;;0;0.36893203883495146;;0;0.0329577356011218;;0;0.07263411475735058;;0;0.0625;;0;0.0625;;0;0.0625;;0;0.04369578922109713;;0;0.03166526465670071;;0;0.0329577356011218;;0;0.06911552681388673;;0;0.07466296581562831;;0;0.0919331982271412;;0;0.041666666666666664;;0;0.3403422349235624;;0;0.041666666666666664;;0;0.0625;;1;0.6746411483253588;;0;0.11854792745692819;;0;0.11908274211410255;;0;0.03449093078103273;;0;0.30286447151300316;;0;0.11625207731360698;;0;0.09794797944922133;;0;0.27074178944881316;;0;0.10753781484140067;;
1;0.9807692307692307;;1;0.9997939704986238;;1;0.8838709677419355;;1;0.9998038856256333;;1;0.9952153110047847;;1;0.9807692307692307;;1;0.9997939704986238;;1;0.9948121226479509;;1;0.9807692307692307;;1;0.9807692307692307;;1;0.9807692307692307;;1;1.0;;1;0.9998613653466816;;1;0.9997939704986238;;1;0.9857358058897794;;1;0.9821930934516624;;1;0.95618566708056;;1;0.9615384615384616;;1;0.91419505371453;;1;0.9230769230769231;;1;0.9807692307692307;;1;0.6746411483253588;;1;0.9996001678798736;;1;0.9995820330130578;;1;0.999917857556969;;1;0.9539695229516124;;1;0.9683430847547877;;1;0.985947960887143;;1;0.9906419573837291;;1;0.9994904101120862;;
1;0.9807692307692307;;1;0.9879232623861838;;1;0.8838709677419355;;1;0.8944761599620359;;1;0.9983948635634029;;1;0.9807692307692307;;1;0.9879232623861838;;1;0.9416677896637522;;1;0.9807692307692307;;1;0.9807692307692307;;1;0.9807692307692307;;1;0.99;;1;0.9904015191822527;;1;0.9879232623861838;;1;0.9792944132122071;;1;0.9623986219304448;;1;0.921441051527744;;1;0.8;;1;0.8075643643696702;;1;0.9473684210526316;;1;0.9807692307692307;;1;0.6746411483253588;;1;0.9677203874040914;;1;0.9673852927354363;;1;0.9999227421199393;;1;0.8339181264824276;;1;0.8905736899288932;;1;0.9381662199622177;;1;0.979058903443211;;1;0.9584852900069273;;
1;0.9807692307692307;;1;0.92688677968848;;1;0.8838709677419355;;1;0.9862394405091561;;1;0.9996286669142221;;1;0.9807692307692307;;1;0.92688677968848;;1;0.9664809021497937;;1;0.9807692307692307;;1;0.9807692307692307;;1;0.9807692307692307;;1;1.0;;1;0.9377353912158186;;1;0.92688677968848;;1;0.9683509197209479;;1;0.9758451998692038;;1;0.9864311747188369;;1;0.9333333333333333;;1;0.7700425449786807;;1;0.9090909090909091;;1;0.9807692307692307;;1;0.6746411483253588;;1;0.9891933611875148;;1;0.988893238734097;;1;0.9930719051658782;;1;0.9539695229516124;;1;0.9410848260072517;;1;0.9412089260389985;;1;0.9692703181324608;;1;0.9748459924482518;;
1;0.9807692307692307;;1;0.6644511016981681;;1;0.8838709677419355;;1;0.8944893341960282;;1;0.8327974276527331;;1;0.9807692307692307;;1;0.6644511016981681;;1;0.8747769641489723;;1;0.9807692307692307;;1;0.9807692307692307;;1;0.9807692307692307;;1;0.8335829725829725;;1;0.6952132894617469;;1;0.6644511016981681;;1;0.7181916595076929;;1;0.7413520341103225;;1;0.7439819738433505;;1;0.7142857142857143;;1;0.6055849361250315;;1;0.7142857142857143;;1;0.9807692307692307;;1;0.6746411483253588;;1;0.9443321665834297;;1;0.9430869174872515;;1;0.9999172673487509;;1;0.8339181264824276;;1;0.7590398861745181;;1;0.5593093137636904;;1;0.960516984929066;;1;0.7527223218780378;;
1;0.9807692307692307;;1;0.92688677968848;;1;0.8838709677419355;;1;0.9862394405091561;;1;0.9996286669142221;;1;0.9807692307692307;;1;0.92688677968848;;1;0.9664809021497937;;1;0.9807692307692307;;1;0.9807692307692307;;1;0.9807692307692307;;1;1.0;;1;0.9377353912158186;;1;0.92688677968848;;1;0.9683509197209479;;1;0.9758451998692038;;1;0.9864311747188369;;1;0.9333333333333333;;1;0.7700425449786807;;1;0.9090909090909091;;1;0.9807692307692307;;1;0.6746411483253588;;1;0.9891933611875148;;1;0.988893238734097;;1;0.9930719051658782;;1;0.9539695229516124;;1;0.9410848260072517;;1;0.9412089260389985;;1;0.9692703181324608;;1;0.9748459924482518;;
1;0.7;;1;0.9121931087247125;;1;0.8838709677419355;;1;0.8948167248573904;;1;0.7493975903614458;;0;0.36893203883495146;;1;0.9121931087247125;;1;0.7058406787242776;;1;0.6571428571428571;;1;0.6571428571428571;;1;0.6571428571428571;;1;0.7439140989729226;;1;0.9193695010105407;;1;0.9121931087247125;;1;0.7512747219955839;;1;0.6704149368004448;;1;0.6562036368877034;;0;0.42857142857142855;;1;0.7097881574100663;;1;0.6315789473684211;;1;0.7021276595744681;;1;0.6746411483253588;;1;0.7959400013312679;;1;0.7964702878571868;;1;0.7110862183394254;;1;0.6419825133564749;;1;0.8906474514708673;;1;0.7300345931283193;;0;0.4741996409246552;;1;0.9330063837891075;;
1;0.9807692307692307;;1;0.92688677968848;;1;0.8838709677419355;;1;0.9862394405091561;;1;0.9996286669142221;;1;0.9807692307692307;;1;0.92688677968848;;1;0.9664809021497937;;1;0.9807692307692307;;1;0.9807692307692307;;1;0.9807692307692307;;1;1.0;;1;0.9377353912158186;;1;0.92688677968848;;1;0.9683509197209479;;1;0.9758451998692038;;1;0.9864311747188369;;1;0.9333333333333333;;1;0.7700425449786807;;1;0.9090909090909091;;1;0.9807692307692307;;1;0.6746411483253588;;1;0.9891933611875148;;1;0.988893238734097;;1;0.9930719051658782;;1;0.9539695229516124;;1;0.9410848260072517;;1;0.9412089260389985;;1;0.9692703181324608;;1;0.9748459924482518;;
1;0.6666666666666666;;0;0.14052465076949253;;1;0.8838709677419355;;1;0.5006848744119723;;1;0.6665772532188841;;0;0.36893203883495146;;0;0.14052465076949253;;1;0.5636194912732128;;1;0.6;;1;0.6;;1;0.6666666666666666;;1;0.6561955757597973;;0;0.13855752828420206;;0;0.14052465076949253;;0;0.28557684920588855;;0;0.47316950408049796;;0;0.482807159730591;;1;0.5714285714285714;;1;0.5087564031552898;;1;0.5714285714285714;;1;0.7021276595744681;;1;0.6746411483253588;;1;0.5040016570091482;;1;0.5035554041800103;;1;0.66365525153352;;0;0.30286447151300316;;1;0.6221909345249896;;1;0.5484519461918481;;0;0.3842006172261719;;0;0.23350369504729446;;
0;0.0625;;0;0.0329577356011218;;0;0.0625;;0;0.10631383801714689;;0;0.04357412851742965;;0;0.36893203883495146;;0;0.0329577356011218;;0;0.07263411475735058;;0;0.0625;;0;0.0625;;0;0.0625;;0;0.04369578922109713;;0;0.03166526465670071;;0;0.0329577356011218;;0;0.06911552681388673;;0;0.07466296581562831;;0;0.0919331982271412;;0;0.041666666666666664;;0;0.3403422349235624;;0;0.041666666666666664;;0;0.0625;;1;0.6746411483253588;;0;0.11854792745692819;;0;0.11908274211410255;;0;0.03449093078103273;;0;0.30286447151300316;;0;0.11625207731360698;;0;0.09794797944922133;;0;0.27074178944881316;;0;0.10753781484140067;;
1;0.7;;0;0.17911020567427735;;1;0.8838709677419355;;1;0.5014231288750711;;1;0.7497988736926791;;0;0.36893203883495146;;0;0.17911020567427735;;1;0.7499447678294063;;1;0.6571428571428571;;1;0.6571428571428571;;1;0.6571428571428571;;1;0.7342783518081505;;0;0.1775713334015679;;0;0.17911020567427735;;0;0.4925475682962514;;1;0.6163413677113839;;1;0.729910204927031;;1;0.6923076923076923;;1;0.558913874881797;;1;0.6923076923076923;;1;0.7021276595744681;;1;0.6746411483253588;;0;0.4205296231998991;;0;0.4207376453915972;;1;0.7405672574371712;;1;0.6419825133564749;;1;0.6388603277171042;;1;0.5968737866913583;;0;0.3824870424448527;;1;0.6053807424803842;;
1;0.7;;1;0.511420364176198;;1;0.8838709677419355;;1;0.8944846439924625;;1;0.6921648718900855;;0;0.36893203883495146;;1;0.511420364176198;;1;0.7058406787242776;;1;0.6571428571428571;;1;0.6571428571428571;;1;0.6571428571428571;;1;0.7065213839308266;;1;0.515031840048101;;1;0.511420364176198;;1;0.7096485434634625;;1;0.7470748351915366;;1;0.6283743667248721;;1;0.6428571428571429;;1;0.6451588216220097;;1;0.6315789473684211;;1;0.7021276595744681;;1;0.6746411483253588;;1;0.8457515011098466;;1;0.8449619431489305;;1;0.7071361963920769;;1;0.6419825133564749;;1;0.8905737512267227;;1;0.6817806394498076;;0;0.4427801197848797;;1;0.7950185249805056;;
0;0.0625;;1;0.7311312676245528;;0;0.0625;;1;0.5009664495889083;;1;0.9952153110047847;;0;0.36893203883495146;;1;0.7311312676245528;;1;0.6688025930828274;;0;0.0625;;0;0.0625;;0;0.0625;;1;0.7085456989225617;;1;0.760980552019551;;1;0.7311312676245528;;1;0.6271018412949743;;1;0.6054846390757669;;0;0.18249117276399177;;0;0.5;;1;0.6431163144616716;;0;0.5;;0;0.0625;;1;0.6746411483253588;;0;0.32713388352023803;;0;0.3261051060914041;;1;0.9550104453337704;;0;0.30286447151300316;;0;0.44011244659110244;;1;0.654677026504942;;0;0.31632333194263945;;1;0.6749909259774606;;
1;0.9807692307692307;;1;0.9895048653169807;;1;0.8838709677419355;;1;0.986247178621964;;1;0.9952153110047847;;1;0.9807692307692307;;1;0.9895048653169807;;1;0.9789288801036243;;1;0.9807692307692307;;1;0.9807692307692307;;1;0.9807692307692307;;1;0.9940000000000001;;1;0.9917667486121577;;1;0.9895048653169807;;1;0.9955794641365794;;1;0.992566337318205;;1;0.9926817072523831;;1;0.9642857142857143;;1;0.8453499753607449;;1;0.9473684210526316;;1;0.9807692307692307;;1;0.6746411483253588;;1;0.9891511155478077;;1;0.988923125710433;;1;0.9999258294836353;;1;0.8339181264824276;;1;0.9552161725252553;;1;0.9626444699235646;;1;0.9852470587431331;;1;0.978510536009622;;
1;0.7;;1;0.511420364176198;;1;0.8838709677419355;;1;0.8944846439924625;;1;0.6921648718900855;;0;0.36893203883495146;;1;0.511420364176198;;1;0.7058406787242776;;1;0.6571428571428571;;1;0.6571428571428571;;1;0.6571428571428571;;1;0.7065213839308266;;1;0.515031840048101;;1;0.511420364176198;;1;0.7096485434634625;;1;0.7470748351915366;;1;0.6283743667248721;;1;0.6428571428571429;;1;0.6451588216220097;;1;0.6315789473684211;;1;0.7021276595744681;;1;0.6746411483253588;;1;0.8457515011098466;;1;0.8449619431489305;;1;0.7071361963920769;;1;0.6419825133564749;;1;0.8905737512267227;;1;0.6817806394498076;;0;0.4427801197848797;;1;0.7950185249805056;;
1;0.9807692307692307;;1;0.9047600759639804;;1;0.8838709677419355;;1;0.986199306710567;;1;0.9952153110047847;;1;0.9807692307692307;;1;0.9047600759639804;;1;0.9416677896637522;;1;0.9807692307692307;;1;0.9807692307692307;;1;0.9807692307692307;;1;0.9697587719298245;;1;0.9181626864086939;;1;0.9047600759639804;;1;0.9394275048042295;;1;0.9437970450537091;;1;0.9637771728539797;;1;0.8;;1;0.7256621981116934;;1;0.9473684210526316;;1;0.9807692307692307;;1;0.6746411483253588;;1;0.9922580972579097;;1;0.9920215463285574;;1;0.9842155073051684;;1;0.8339181264824276;;1;0.9515398275603456;;1;0.7530764619790634;;1;0.9751589119007563;;1;0.8850039272425201;;
